<?xml version="1.0" encoding="UTF-8"?>
<suite name="PhpTravels" verbose="1" parallel="tests" thread-count="5">
	<!-- <test name="Functional Tests"> <classes> <class name="com.selenium.hybridfw.tests.CarsTests" 
		/> <class name="com.selenium.hybridfw.tests.HomeTests" /> </classes> </test> -->

	<!-- <test name="Regression1"> <classes> <class name="test.sample.ParameterSample"/> 
		<class name="test.sample.ParameterTest"/> </classes> </test> -->

	<listeners>
		<listener class-name="com.selenium.eseye.utils.Listeners"></listener>
	</listeners>

	<test name="Assignment Tests">
		<classes>
			<class name="com.selenium.eseye.tests.HomeTests" />
		</classes>
	</test>
</suite>


